<?xml version="1.0" encoding="UTF-8"?>
<mvg>
    <mvg-calibration time-series-size="500" time-series-type="CC" distribution="Student-T">
        <verbose dir="\\dnasa2\modeltest\Admin\logs\mvg-calibration" status="False"/>
        <risk-factors>
            <!--<risk-factors-type-code>INDX</risk-factors-type-code>-->
            <fin-Instr-Symbols>
                <symbol>GOOGL</symbol>
                <symbol>SPX</symbol>
                <symbol>IBM</symbol>
                <symbol>AAPL</symbol>
                <symbol>V</symbol>
                <symbol>FB</symbol>
                <symbol>GES</symbol>
                <symbol>SO</symbol>
                <symbol>F</symbol>
                <symbol>BA</symbol>
                <symbol>C</symbol>
                <symbol>TSLA</symbol>
                <symbol>AMZN</symbol>
                <symbol>NFLX</symbol>
                <symbol>PCLN</symbol>
                <symbol>GM</symbol>
                <symbol>GILD</symbol>
                <symbol>VZ</symbol>
                <symbol>MSFT</symbol>
                <symbol>ORCL</symbol>
                <symbol>T</symbol>
                <symbol>MNKD</symbol>
                <symbol>CSCO</symbol>
                <symbol>UTX</symbol>
                <symbol>JPM</symbol>
                <symbol>CAT</symbol>
                <symbol>BIDU</symbol>
                <symbol>CELG</symbol>
                <symbol>OXY</symbol>
                <symbol>TEVA</symbol>
                <symbol>ISRG</symbol>
                <symbol>SIRI</symbol>
                <symbol>XOM</symbol>
                <symbol>JNJ</symbol>
                <symbol>GE</symbol>
                <symbol>YHOO</symbol>
                <symbol>WFC</symbol>
                <symbol>EW</symbol>
                <symbol>WAG</symbol>
                <symbol>HD</symbol>
                <symbol>MA</symbol>
                <symbol>EBAY</symbol>
                <symbol>MU</symbol>
                <symbol>INTL</symbol>
                <symbol>BIIB</symbol>
                <symbol>AGN</symbol>
                <symbol>CVX</symbol>
                <symbol>KO</symbol>
                <symbol>GS</symbol>
                <symbol>SBUX</symbol>
                <symbol>SLB</symbol>
                <symbol>AMGN</symbol>
                <symbol>MRK</symbol>
                <symbol>ADS</symbol>
                <symbol>DAL</symbol>
                <symbol>HLF</symbol>
                <symbol>QCOM</symbol>
                <symbol>AAL</symbol>
                <symbol>CB</symbol>
                <symbol>UNP</symbol>
                <symbol>YELP</symbol>
                <symbol>MS</symbol>
                <symbol>MET</symbol>
                <symbol>ERIC</symbol>
                <symbol>CBS</symbol>
                <symbol>CVS</symbol>
                <symbol>ACT</symbol>
                <symbol>WYNN</symbol>
                <symbol>DTV</symbol>
                <symbol>HPQ</symbol>
                <symbol>DIS</symbol>
                <symbol>P</symbol>
                <symbol>BMY</symbol>
                <symbol>DVN</symbol>
                <symbol>TRV</symbol>
                <symbol>HAL</symbol>
                <symbol>TWX</symbol>
                <symbol>BEAM</symbol>
                <symbol>ABT</symbol>
                <symbol>ICPT</symbol>
                <symbol>EOG</symbol>
                <symbol>ACN</symbol>
                <symbol>LNKD</symbol>
                <symbol>RAD</symbol>
                <symbol>BP</symbol>
                <symbol>WMT</symbol>
                <symbol>EXH</symbol>
                <symbol>SPLK</symbol>
                <symbol>LVS</symbol>
                <symbol>GDP</symbol>
                <symbol>PM</symbol>
                <symbol>LNG</symbol>
                <symbol>COP</symbol>
                <symbol>DHR</symbol>
                <symbol>FDX</symbol>
                <symbol>PFE</symbol>
                <symbol>PLUG</symbol>
                <symbol>MON</symbol>
                <symbol>FOXA</symbol>
                <symbol>PBR</symbol>
            </fin-Instr-Symbols>
        </risk-factors>
        <degree-of-freedom min="3" max="9"/>
        <adjustment-type value="3"/>
        <max-missing-most-recent value="5"/>
        <volatility-estimator type="garch" alpha-min="0.0" alpha-max="0.040" beta-min="0.0" beta-max="0.99" horizon="1"/>
        <hdfs-host value = "172.24.3.143"/>
        <hdfs-port value = "9000"/>
        <local-temp-folder value = "\\dnasa2\modeltest\OCC-DATA"/>
        <hdfs-folder value = "/OCC-DATA"/>

    </mvg-calibration>

</mvg>